step,proj,gradA_relation_err(gAp==gAt@Tin^-1),O1A_A_update_relerr_vs_plaintextfold,O1A_B_update_relerr_vs_plaintextfold,O1B_A_update_relerr_vs_plaintextfold,O1A_recoveredPlaintextA_err,O1A_dW_relerr_vs_plaintext,O1A_dW_cosine_vs_plaintext,O1B_dW_relerr_vs_plaintext,O1B_dW_cosine_vs_plaintext,loss_plaintext,loss_O1A_masked,loss_match
0,q_proj,1.7661904530491436e-15,0.03599410885873885,1.0580455501938872e-16,9.421403207832686e-17,0.09790213120588062,0.04431127980036195,0.9990188688042556,2.0657482534295466e-16,1.0000000000000284,3.976629901349478,3.9766299013494795,1.3322676295501878e-15
1,q_proj,0.9689682517090462,0.08718509388311388,0.00010267301245523842,1.1155312215842028e-16,0.23706097633418624,0.10148210233975508,0.9948794867434569,2.2447972962684636e-16,0.9999999999999901,3.9765392780700535,3.9531092192703468,0.02343005879970672
2,q_proj,2.423298599538226,0.13315713120532474,0.00043782465951711216,1.2884112715465406e-16,0.36206329927879904,0.1423865186382438,0.9899857902155536,2.463132241999608e-16,0.9999999999999876,3.976367401880053,3.941113616962565,0.035253784917487874
3,q_proj,2.4819238538830217,0.16531404661708177,0.001096619853236128,1.4782410909259428e-16,0.44966751696987983,0.16177158860086083,0.987127531109264,2.622797179338016e-16,1.000000000000009,3.9761229551545947,3.9416078049652192,0.034515150189375454
4,q_proj,2.9019728421368294,0.18217349440786834,0.002111770990869747,1.7048456804760025e-16,0.4955487523226857,0.16893415853598207,0.9859909531263678,2.8212900258567167e-16,1.000000000000019,3.975813946185444,3.9439477064751634,0.031866239710280464
0,k_proj,1.6073419721819526e-15,0.09869329561026186,1.0926584956287904e-16,9.752525409671146e-17,0.2677813483677031,0.12343521582602492,0.9924570660547305,2.0716952824958656e-16,0.9999999999999981,5.7798133038639605,5.7798133038639605,0.0
1,k_proj,0.9738745580060644,0.2387058995433489,0.0022990807011695376,1.2110079828221304e-16,0.646918837303814,0.2795945120595188,0.9629632579046765,2.3293221243141117e-16,0.9999999999999998,5.77906146737237,5.603483656324255,0.17557781104811454
2,k_proj,2.3215161810019094,0.3659533119436113,0.009772123072013464,1.4528243954524288e-16,0.9904361714787182,0.38773196514821584,0.9321325630314651,2.4694401952544854e-16,0.9999999999999923,5.777635979671513,5.507385618485993,0.2702503611855196
3,k_proj,2.4991275309963403,0.46165040920373546,0.02450910624837705,1.6863009385464849e-16,1.2482600196209126,0.4419115473931281,0.9143127659642114,2.6978253722676127e-16,1.0000000000000013,5.775609423237338,5.473852285722106,0.3017571375152315
4,k_proj,3.332976384715965,0.5260017081315053,0.047440492208534975,1.6524226107972325e-16,1.421901393966823,0.4762345947708931,0.9023184036604168,2.851327201499669e-16,1.0000000000000009,5.773048460053222,5.416098176250308,0.35695028380291394
0,v_proj,6.510045674973389e-16,0.04509724615888167,7.103052249103716e-18,9.46043079840947e-17,0.12005236331148868,0.05251108793254943,0.9986245755785519,1.782356003890144e-16,0.9999999999999954,1.1245026896985857,1.1245026896985857,0.0
1,v_proj,0.7554692050557232,0.11253705344569563,0.0004217985840851504,1.2061261203780674e-16,0.2990956905384976,0.12358590544391375,0.9924542605881483,1.895927782391289e-16,0.9999999999999987,1.1243483981532971,1.08570146140531,0.03864693674798714
2,v_proj,2.3222521632097917,0.17842535404522517,0.0018177105224194165,1.368418612928067e-16,0.47349344185034603,0.1808408795968129,0.9840451925854564,1.9801463731558354e-16,1.0000000000000002,1.1240555789240518,1.058927714982974,0.06512786394107772
3,v_proj,2.6584078501972757,0.22927643890748203,0.004629055221273513,1.5492966188243378e-16,0.6081396502930088,0.21540569219827357,0.977566150337564,2.1343225822455137e-16,0.9999999999999978,1.123638686022739,1.0550934889215593,0.06854519710117968
4,v_proj,2.954503342215535,0.25949256892285155,0.009096227395607833,1.6727818153047174e-16,0.6888067201448443,0.23289541609440154,0.9738871093190196,2.2301351595162195e-16,0.9999999999999978,1.1231109283399106,1.0605052721824062,0.06260565615750435
0,o_proj,1.1487664801181696e-15,5.083986684665863e-18,3.742895540555983e-18,5.083986684665863e-18,5.083986684665863e-18,9.18111443211825e-18,1.0000000000000027,9.18111443211825e-18,1.0000000000000027,1.2178553208689533,1.2178553208689533,0.0
1,o_proj,1.165751731489305e-15,6.281934797948561e-18,4.711308411142052e-18,6.281934797948561e-18,6.281934797948561e-18,1.2205342694389355e-17,0.9999999999999807,1.2205342694389355e-17,0.9999999999999807,1.2178101063940827,1.2178101063940825,2.220446049250313e-16
2,o_proj,1.1682707381052378e-15,7.485687103740453e-18,4.802292354433224e-18,7.485687103740453e-18,7.485687103740454e-18,1.471671057229045e-17,0.9999999999999937,1.471671057229045e-17,0.9999999999999937,1.2177243768899564,1.2177243768899564,0.0
3,o_proj,1.1571448384387435e-15,8.779703068339943e-18,5.2809312121111624e-18,8.779703068339943e-18,8.779703068339941e-18,1.630388697799934e-17,1.0000000000000044,1.630388697799934e-17,1.0000000000000044,1.2176025070985714,1.2176025070985714,0.0
4,o_proj,1.183174081264822e-15,9.773815195281149e-18,5.7394926113987e-18,9.773815195281149e-18,9.773815195281147e-18,1.8731696024591558e-17,1.0000000000000022,1.8731696024591558e-17,1.0000000000000022,1.2174485499862793,1.2174485499862793,0.0
0,gate_proj,2.9579450616586128e-15,7.175551675452938e-05,2.568003626003312e-18,9.340954103891848e-17,7.817944524302754e-05,8.267251385129119e-05,0.9999999965878501,1.6846802928865584e-16,0.9999999999999916,1.475344545665809,1.4753445456658094,4.440892098500626e-16
1,gate_proj,0.001214173310185614,0.0002079028254670224,9.814492744116984e-09,1.1976413982189283e-16,0.00022651426604059717,0.0002394752289885675,0.9999999713691812,1.841701772971756e-16,1.000000000000048,1.4753344925326133,1.475323556086527,1.0936446086295959e-05
2,gate_proj,0.00352929345561998,0.0004016457743428443,4.708076277119816e-08,1.3749847004246213e-16,0.00043759786870681185,0.000462473489667023,0.9999998932178888,1.9686637124786122e-16,1.0000000000000218,1.4753154226030325,1.475283825094225,3.159750880743495e-05
3,gate_proj,0.006849522118694908,0.0006467170699148455,1.3554178399099437e-07,1.5555749656576868e-16,0.0007045991149367548,0.0007443061555222922,0.9999997234059341,2.1016868580565315e-16,1.0000000000000144,1.4752882939573948,1.4752274973269315,6.079663046332229e-05
4,gate_proj,0.011092872568541872,0.0009373421841558463,3.0357169604164117e-07,1.6757089632646647e-16,0.0010212231296428645,0.0010781531054451492,0.9999994196127171,2.2119687900436694e-16,0.9999999999999903,1.4752539891983705,1.4751565987360538,9.739046231671544e-05
0,up_proj,2.9457154080159893e-15,6.750651369720679e-05,2.657901984829726e-19,9.296927472591997e-17,7.364123967431308e-05,7.304992953632119e-05,0.9999999973380509,1.6954095404083738e-16,1.0000000000000018,1.2905816152060892,1.2905816152060894,2.220446049250313e-16
1,up_proj,0.0010649254770434208,0.00019561266935613889,8.640702855516077e-09,1.169682144881885e-16,0.00021338767886982024,0.00021163046080651513,0.9999999776577873,1.8157353794794462e-16,0.999999999999999,1.2905728242905914,1.2905631980898038,9.626200787593575e-06
2,up_proj,0.0030944618974462035,0.0003779620535282209,4.1453228111806556e-08,1.304677701147124e-16,0.00041230254749967344,0.0004087819876010983,0.9999999166383262,1.9314022098104162e-16,1.0000000000000187,1.290556146457068,1.2905283232721052,2.7823184962860736e-05
3,up_proj,0.00600286151375552,0.0006087085032335134,1.1935275466195662e-07,1.4709749850366324e-16,0.0006640047251763277,0.0006580692986823513,0.9999997839556358,2.0271865269778786e-16,0.9999999999999869,1.2905324156877722,1.2904788500296847,5.3565658087562085e-05
4,up_proj,0.009716093049430365,0.0008824788480760909,2.6734705444137423e-07,1.6071371383711808e-16,0.000962628300897429,0.0009535483888927016,0.9999995463669126,2.1270725761449895e-16,0.9999999999999796,1.2905023989183417,1.290416527592233,8.587132610871073e-05
0,down_proj,2.051736570702225e-15,5.25022739267587e-18,1.03614172437432e-17,5.25022739267587e-18,5.25022739267587e-18,1.8603662046690125e-17,1.0000000000000004,1.8603662046690125e-17,1.0000000000000004,2.702762964587844,2.702762964587844,0.0
1,down_proj,1.825971637670075e-15,8.5859991496414e-18,1.4431729547919794e-17,8.5859991496414e-18,8.585999149641402e-18,2.6816479711989194e-17,1.0000000000000129,2.6816479711989194e-17,1.0000000000000129,2.702319341131484,2.702319341131484,0.0
2,down_proj,1.8354807020369918e-15,1.0847136745360664e-17,1.8507049478275715e-17,1.0847136745360664e-17,1.0847136745360663e-17,3.4214392290085984e-17,0.9999999999999792,3.4214392290085984e-17,0.9999999999999792,2.701483446271217,2.701483446271217,0.0
3,down_proj,2.09681840303242e-15,1.3258986710892184e-17,2.1190085347439786e-17,1.3258986710892184e-17,1.3258986710892171e-17,3.983737012520467e-17,1.0000000000000022,3.983737012520467e-17,1.0000000000000022,2.7003070865074323,2.7003070865074323,0.0
4,down_proj,2.221392768233366e-15,1.4949241283803083e-17,2.4068450122716334e-17,1.4949241283803083e-17,1.4949241283803096e-17,4.5607153841899847e-17,0.9999999999999782,4.5607153841899847e-17,0.9999999999999782,2.698841135125494,2.6988411351254946,4.440892098500626e-16
