seed,attack,regime,k,next_token_top1,future_token_exact,perplexity,ppl_reduction_vs_baseline,success,note
0,future_token,baseline_bigram,3,0.0125,0.0,41.8826,0.0,,
0,future_token,public_weights,3,1.0,1.0,1.0,40.8826,True,
0,future_token,private_weights,3,0.0125,0.0,41.8826,0.0,False,no weights -> reduces to the bigram baseline
1,future_token,baseline_bigram,3,0.025,0.0,42.355,0.0,,
1,future_token,public_weights,3,1.0,1.0,1.0,41.355,True,
1,future_token,private_weights,3,0.025,0.0,42.355,0.0,False,no weights -> reduces to the bigram baseline
2,future_token,baseline_bigram,3,0.0292,0.0,42.1825,0.0,,
2,future_token,public_weights,3,1.0,1.0,1.0,41.1825,True,
2,future_token,private_weights,3,0.0292,0.0,42.1825,0.0,False,no weights -> reduces to the bigram baseline
