optimizer,step,group,metric,n,finite_n,nan_or_inf_fraction,max,median,p95,worst_layer
sgd,1,o_down,O1A_A_update_relerr,144,144,0.0,8.394491283093573e-18,5.7265490187689125e-18,7.99757482092326e-18,3
sgd,1,o_down,O1C_A_update_relerr,144,144,0.0,8.394491283093573e-18,5.7265490187689125e-18,7.99757482092326e-18,3
sgd,1,o_down,O1A_B_update_relerr,144,144,0.0,1.1332471053156676e-17,4.721421486325018e-18,9.771998807388687e-18,9
sgd,1,o_down,O1C_B_update_relerr,144,144,0.0,1.1332471053156676e-17,4.721421486325018e-18,9.771998807388687e-18,9
sgd,1,o_down,O1A_dW_cos,144,144,0.0,1.0000000000001021,1.0000000000000009,1.0000000000000406,22
sgd,1,o_down,O1C_dW_cos,144,144,0.0,1.0000000000001021,1.0000000000000009,1.0000000000000406,22
sgd,1,o_down,O1A_optstate_relerr,144,144,0.0,4.1993109197056916e-15,1.8765712164286238e-15,3.5434606050477782e-15,6
sgd,1,o_down,O1C_optstate_relerr,144,144,0.0,4.1993109197056916e-15,1.8765712164286238e-15,3.5434606050477782e-15,6
sgd,1,o_down,loss_absdiff_O1C,144,144,0.0,1.3322676295501878e-15,0.0,8.881784197001252e-16,22
sgd,1,qkv,O1A_A_update_relerr,216,216,0.0,0.11293421304617976,0.0001784571808706696,0.0006017846463308064,0
sgd,1,qkv,O1C_A_update_relerr,216,216,0.0,1.034287255415416e-16,9.369351713704658e-17,9.779131931728624e-17,0
sgd,1,qkv,O1A_B_update_relerr,216,216,0.0,1.153690279183542e-16,1.0386724272261976e-16,1.0861470706964527e-16,4
sgd,1,qkv,O1C_B_update_relerr,216,216,0.0,1.153690279183542e-16,1.0386724272261976e-16,1.0861470706964527e-16,4
sgd,1,qkv,O1A_dW_cos,216,216,0.0,0.9999999985518357,0.9999999798843393,0.9999999973587481,17
sgd,1,qkv,O1C_dW_cos,216,216,0.0,1.000000000000036,0.9999999999999996,1.0000000000000129,12
sgd,1,qkv,O1A_optstate_relerr,216,216,0.0,279.7602542183126,1.1060307144057107,2.889562422108681,0
sgd,1,qkv,O1C_optstate_relerr,216,216,0.0,2.377863097616403e-15,1.0742911206146293e-15,2.079348314516998e-15,15
sgd,1,qkv,loss_absdiff_O1C,216,216,0.0,2.6645352591003757e-15,0.0,4.440892098500626e-16,0
sgd,1,gate_up,O1A_A_update_relerr,144,144,0.0,0.29673192076818816,0.00012222486227619688,0.1845753958121984,9
sgd,1,gate_up,O1C_A_update_relerr,144,144,0.0,9.854539537671733e-17,9.371265584406897e-17,9.616218953211885e-17,15
sgd,1,gate_up,O1A_B_update_relerr,144,144,0.0,3.235993709008885e-18,1.0144004728160958e-18,1.975226126985547e-18,16
sgd,1,gate_up,O1C_B_update_relerr,144,144,0.0,3.235993709008885e-18,1.0144004728160958e-18,1.975226126985547e-18,16
sgd,1,gate_up,O1A_dW_cos,144,144,0.0,0.9999999991111695,0.9999999874343021,0.9999999986305339,16
sgd,1,gate_up,O1C_dW_cos,144,144,0.0,1.0000000000000728,0.9999999999999994,1.000000000000059,19
sgd,1,gate_up,O1A_optstate_relerr,144,144,0.0,3842.216266625737,1.3617736245835352,2246.9151556272636,22
sgd,1,gate_up,O1C_optstate_relerr,144,144,0.0,4.103015892574041e-15,2.6370501100390846e-15,3.340612526653139e-15,10
sgd,1,gate_up,loss_absdiff_O1C,144,144,0.0,6.661338147750939e-16,0.0,4.440892098500626e-16,6
sgd,10,o_down,O1A_A_update_relerr,144,144,0.0,2.4533944038957207e-17,1.6783413845116306e-17,2.3203195486517034e-17,22
sgd,10,o_down,O1C_A_update_relerr,144,144,0.0,2.4533944038957207e-17,1.6783413845116306e-17,2.3203195486517034e-17,22
sgd,10,o_down,O1A_B_update_relerr,144,144,0.0,2.9425301552194943e-17,1.6876533403559498e-17,2.775424541978645e-17,22
sgd,10,o_down,O1C_B_update_relerr,144,144,0.0,2.9425301552194943e-17,1.6876533403559498e-17,2.775424541978645e-17,22
sgd,10,o_down,O1A_dW_cos,144,144,0.0,1.0000000000000664,1.0000000000000009,1.0000000000000302,5
sgd,10,o_down,O1C_dW_cos,144,144,0.0,1.0000000000000664,1.0000000000000009,1.0000000000000302,5
sgd,10,o_down,O1A_optstate_relerr,144,144,0.0,4.369913206917921e-15,1.880453877128499e-15,3.5278522868667533e-15,5
sgd,10,o_down,O1C_optstate_relerr,144,144,0.0,4.369913206917921e-15,1.880453877128499e-15,3.5278522868667533e-15,5
sgd,10,o_down,loss_absdiff_O1C,144,144,0.0,1.7763568394002505e-15,0.0,4.440892098500626e-16,22
sgd,10,qkv,O1A_A_update_relerr,216,216,0.0,0.38319440321027093,0.00177368246898435,0.005905594494200676,0
sgd,10,qkv,O1C_A_update_relerr,216,216,0.0,2.4288051943707603e-16,2.1874982344152416e-16,2.2782857202312945e-16,0
sgd,10,qkv,O1A_B_update_relerr,216,216,0.0,0.05621422859368341,3.192515979915278e-05,0.0003473573822268091,0
sgd,10,qkv,O1C_B_update_relerr,216,216,0.0,2.4787843496087125e-16,2.239731592555192e-16,2.3320360457336515e-16,22
sgd,10,qkv,O1A_dW_cos,216,216,0.0,0.9999998569964529,0.9999980620999089,0.9999997396603117,17
sgd,10,qkv,O1C_dW_cos,216,216,0.0,1.0000000000000187,1.0,1.0000000000000118,19
sgd,10,qkv,O1A_optstate_relerr,216,216,0.0,47.47459569802561,1.0953922382704238,2.805888786714505,0
sgd,10,qkv,O1C_optstate_relerr,216,216,0.0,2.442473839323527e-15,1.1180024787550161e-15,2.02980296428087e-15,20
sgd,10,qkv,loss_absdiff_O1C,216,216,0.0,1.7763568394002505e-15,0.0,6.661338147750939e-16,0
sgd,10,gate_up,O1A_A_update_relerr,144,78,0.4583,0.0013457594012472956,0.0005762210331660398,0.001186550363996172,0
sgd,10,gate_up,O1C_A_update_relerr,144,144,0.0,2.2995366969501173e-16,2.1935009919558242e-16,2.254141839068071e-16,3
sgd,10,gate_up,O1A_B_update_relerr,144,78,0.4583,1.4050756683492489e-05,3.1418454772101896e-07,8.37023466880503e-06,21
sgd,10,gate_up,O1C_B_update_relerr,144,144,0.0,6.207564738575436e-18,3.719379279945728e-18,4.878112492447874e-18,0
sgd,10,gate_up,O1A_dW_cos,144,78,0.4583,0.999999912113338,0.9999997106025196,0.9999998868497444,16
sgd,10,gate_up,O1C_dW_cos,144,144,0.0,1.0000000000000682,1.0000000000000047,1.0000000000000522,23
sgd,10,gate_up,O1A_optstate_relerr,144,78,0.4583,1.3380871148526847,0.8259223142609601,1.3232552309619379,0
sgd,10,gate_up,O1C_optstate_relerr,144,144,0.0,4.330383519613341e-15,2.616394834571901e-15,3.3091349509101117e-15,17
sgd,10,gate_up,loss_absdiff_O1C,144,144,0.0,6.661338147750939e-16,0.0,2.220446049250313e-16,23
sgd,50,o_down,O1A_A_update_relerr,144,144,0.0,5.155481021266982e-17,3.6419357149289674e-17,5.047379517700453e-17,20
sgd,50,o_down,O1C_A_update_relerr,144,144,0.0,5.155481021266982e-17,3.6419357149289674e-17,5.047379517700453e-17,20
sgd,50,o_down,O1A_B_update_relerr,144,144,0.0,6.584543854892841e-17,3.7009851075060953e-17,6.283407565617283e-17,22
sgd,50,o_down,O1C_B_update_relerr,144,144,0.0,6.584543854892841e-17,3.7009851075060953e-17,6.283407565617283e-17,22
sgd,50,o_down,O1A_dW_cos,144,144,0.0,1.0000000000000786,1.0000000000000044,1.0000000000000422,18
sgd,50,o_down,O1C_dW_cos,144,144,0.0,1.0000000000000786,1.0000000000000044,1.0000000000000422,18
sgd,50,o_down,O1A_optstate_relerr,144,144,0.0,4.7544993851895155e-15,2.029963406531627e-15,3.962609656445922e-15,7
sgd,50,o_down,O1C_optstate_relerr,144,144,0.0,4.7544993851895155e-15,2.029963406531627e-15,3.962609656445922e-15,7
sgd,50,o_down,loss_absdiff_O1C,144,144,0.0,1.3322676295501878e-15,0.0,8.881784197001252e-16,21
sgd,50,qkv,O1A_A_update_relerr,216,216,0.0,1.102952285547442,0.008653967434926024,0.027830760054734324,0
sgd,50,qkv,O1C_A_update_relerr,216,216,0.0,4.976454008124683e-16,4.724411243330697e-16,4.908375523547451e-16,0
sgd,50,qkv,O1A_B_update_relerr,216,216,0.0,0.5465445605180963,0.0008398658701621723,0.008786915177289044,0
sgd,50,qkv,O1C_B_update_relerr,216,216,0.0,5.055143263782991e-16,4.709528162477279e-16,4.941817316206397e-16,21
sgd,50,qkv,O1A_dW_cos,216,216,0.0,0.9999966155627169,0.999953682624775,0.9999939109064051,17
sgd,50,qkv,O1C_dW_cos,216,216,0.0,1.0000000000000329,0.9999999999999997,1.0000000000000129,9
sgd,50,qkv,O1A_optstate_relerr,216,216,0.0,33.493889335409705,1.0709084204061865,2.531101379036289,0
sgd,50,qkv,O1C_optstate_relerr,216,216,0.0,2.678376439242511e-15,1.1961918996730926e-15,2.2018880753130633e-15,0
sgd,50,qkv,loss_absdiff_O1C,216,216,0.0,1.7763568394002505e-15,0.0,4.440892098500626e-16,0
sgd,50,gate_up,O1A_A_update_relerr,144,78,0.4583,0.006130223574313233,0.0027988606997548853,0.005022238579227463,0
sgd,50,gate_up,O1C_A_update_relerr,144,144,0.0,4.920632210539858e-16,4.74389645934836e-16,4.86486907747952e-16,15
sgd,50,gate_up,O1A_B_update_relerr,144,78,0.4583,0.00019150069715881846,8.36260614085962e-06,0.00013675662128940353,21
sgd,50,gate_up,O1C_B_update_relerr,144,144,0.0,1.0803091515113121e-17,8.68974762944668e-18,9.931100031609528e-18,0
sgd,50,gate_up,O1A_dW_cos,144,78,0.4583,0.9999979095561965,0.9999934988930321,0.9999973152190798,16
sgd,50,gate_up,O1C_dW_cos,144,144,0.0,1.000000000000065,1.0000000000000004,1.0000000000000477,23
sgd,50,gate_up,O1A_optstate_relerr,144,78,0.4583,1.231569283199836,0.8021866454036609,1.1911939321489793,0
sgd,50,gate_up,O1C_optstate_relerr,144,144,0.0,3.827688281391574e-15,2.8238775308066226e-15,3.593448781088714e-15,3
sgd,50,gate_up,loss_absdiff_O1C,144,144,0.0,4.440892098500626e-16,0.0,4.440892098500626e-16,5
momentum,1,o_down,O1A_A_update_relerr,144,144,0.0,8.394491283093573e-18,5.7265490187689125e-18,7.99757482092326e-18,3
momentum,1,o_down,O1C_A_update_relerr,144,144,0.0,8.394491283093573e-18,5.7265490187689125e-18,7.99757482092326e-18,3
momentum,1,o_down,O1A_B_update_relerr,144,144,0.0,1.1332471053156676e-17,4.721421486325018e-18,9.771998807388687e-18,9
momentum,1,o_down,O1C_B_update_relerr,144,144,0.0,1.1332471053156676e-17,4.721421486325018e-18,9.771998807388687e-18,9
momentum,1,o_down,O1A_dW_cos,144,144,0.0,1.0000000000001021,1.0000000000000009,1.0000000000000406,22
momentum,1,o_down,O1C_dW_cos,144,144,0.0,1.0000000000001021,1.0000000000000009,1.0000000000000406,22
momentum,1,o_down,O1A_optstate_relerr,144,144,0.0,4.1993109197056916e-15,1.8765712164286238e-15,3.5434606050477782e-15,6
momentum,1,o_down,O1C_optstate_relerr,144,144,0.0,4.1993109197056916e-15,1.8765712164286238e-15,3.5434606050477782e-15,6
momentum,1,o_down,loss_absdiff_O1C,144,144,0.0,1.3322676295501878e-15,0.0,8.881784197001252e-16,22
momentum,1,qkv,O1A_A_update_relerr,216,216,0.0,0.11293421304617976,0.0001784571808706696,0.0006017846463308064,0
momentum,1,qkv,O1C_A_update_relerr,216,216,0.0,1.034287255415416e-16,9.369351713704658e-17,9.779131931728624e-17,0
momentum,1,qkv,O1A_B_update_relerr,216,216,0.0,1.153690279183542e-16,1.0386724272261976e-16,1.0861470706964527e-16,4
momentum,1,qkv,O1C_B_update_relerr,216,216,0.0,1.153690279183542e-16,1.0386724272261976e-16,1.0861470706964527e-16,4
momentum,1,qkv,O1A_dW_cos,216,216,0.0,0.9999999985518357,0.9999999798843393,0.9999999973587481,17
momentum,1,qkv,O1C_dW_cos,216,216,0.0,1.000000000000036,0.9999999999999996,1.0000000000000129,12
momentum,1,qkv,O1A_optstate_relerr,216,216,0.0,279.7602542183126,1.1060307144057107,2.889562422108681,0
momentum,1,qkv,O1C_optstate_relerr,216,216,0.0,2.377863097616403e-15,1.0742911206146293e-15,2.079348314516998e-15,15
momentum,1,qkv,loss_absdiff_O1C,216,216,0.0,2.6645352591003757e-15,0.0,4.440892098500626e-16,0
momentum,1,gate_up,O1A_A_update_relerr,144,144,0.0,0.29673192076818816,0.00012222486227619688,0.1845753958121984,9
momentum,1,gate_up,O1C_A_update_relerr,144,144,0.0,9.854539537671733e-17,9.371265584406897e-17,9.616218953211885e-17,15
momentum,1,gate_up,O1A_B_update_relerr,144,144,0.0,3.235993709008885e-18,1.0144004728160958e-18,1.975226126985547e-18,16
momentum,1,gate_up,O1C_B_update_relerr,144,144,0.0,3.235993709008885e-18,1.0144004728160958e-18,1.975226126985547e-18,16
momentum,1,gate_up,O1A_dW_cos,144,144,0.0,0.9999999991111695,0.9999999874343021,0.9999999986305339,16
momentum,1,gate_up,O1C_dW_cos,144,144,0.0,1.0000000000000728,0.9999999999999994,1.000000000000059,19
momentum,1,gate_up,O1A_optstate_relerr,144,144,0.0,3842.216266625737,1.3617736245835352,2246.9151556272636,22
momentum,1,gate_up,O1C_optstate_relerr,144,144,0.0,4.103015892574041e-15,2.6370501100390846e-15,3.340612526653139e-15,10
momentum,1,gate_up,loss_absdiff_O1C,144,144,0.0,6.661338147750939e-16,0.0,4.440892098500626e-16,6
momentum,10,o_down,O1A_A_update_relerr,144,144,0.0,4.391078614147061e-17,2.4385221255889353e-17,3.832912473228895e-17,20
momentum,10,o_down,O1C_A_update_relerr,144,144,0.0,4.391078614147061e-17,2.4385221255889353e-17,3.832912473228895e-17,20
momentum,10,o_down,O1A_B_update_relerr,144,144,0.0,5.2184180116558227e-17,2.8928132924694213e-17,5.018569741233435e-17,14
momentum,10,o_down,O1C_B_update_relerr,144,144,0.0,5.2184180116558227e-17,2.8928132924694213e-17,5.018569741233435e-17,14
momentum,10,o_down,O1A_dW_cos,144,144,0.0,1.0000000000000688,0.9999999999999984,1.000000000000035,16
momentum,10,o_down,O1C_dW_cos,144,144,0.0,1.0000000000000688,0.9999999999999984,1.000000000000035,16
momentum,10,o_down,O1A_optstate_relerr,144,144,0.0,2.450163548388714e-15,9.445457765395174e-16,1.9453261922233992e-15,20
momentum,10,o_down,O1C_optstate_relerr,144,144,0.0,2.450163548388714e-15,9.445457765395174e-16,1.9453261922233992e-15,20
momentum,10,o_down,loss_absdiff_O1C,144,144,0.0,1.3322676295501878e-15,0.0,4.440892098500626e-16,7
momentum,10,qkv,O1A_A_update_relerr,216,216,0.0,0.7252949760665275,0.007298091440494349,0.024024364924636516,0
momentum,10,qkv,O1C_A_update_relerr,216,216,0.0,2.3506275295764357e-16,2.1935420516897523e-16,2.2981457177621893e-16,11
momentum,10,qkv,O1A_B_update_relerr,216,216,0.0,0.33754028957057675,0.0002553785835511334,0.0027369825823794335,0
momentum,10,qkv,O1C_B_update_relerr,216,216,0.0,2.4434100755638606e-16,2.221979763611885e-16,2.376880500871443e-16,11
momentum,10,qkv,O1A_dW_cos,216,216,0.0,0.9999975800490656,0.9999673930510697,0.9999956059887671,17
momentum,10,qkv,O1C_dW_cos,216,216,0.0,1.0000000000000326,1.0,1.0000000000000124,19
momentum,10,qkv,O1A_optstate_relerr,216,216,0.0,28.53917881587359,1.0904191871326854,2.732966312725882,0
momentum,10,qkv,O1C_optstate_relerr,216,216,0.0,1.7557480623083957e-15,8.449414501844165e-16,1.1654027678704722e-15,0
momentum,10,qkv,loss_absdiff_O1C,216,216,0.0,2.6645352591003757e-15,0.0,4.440892098500626e-16,0
momentum,10,gate_up,O1A_A_update_relerr,144,78,0.4583,0.005457159195515024,0.002370142888048383,0.004409185877683413,0
momentum,10,gate_up,O1C_A_update_relerr,144,144,0.0,2.3327052752839337e-16,2.1976823849306913e-16,2.2677488830335193e-16,13
momentum,10,gate_up,O1A_B_update_relerr,144,78,0.4583,0.00010380474528069082,2.5184951957736182e-06,6.386939039019763e-05,21
momentum,10,gate_up,O1C_B_update_relerr,144,144,0.0,7.963911729363885e-18,6.054405428420477e-18,7.131815674690212e-18,16
momentum,10,gate_up,O1A_dW_cos,144,78,0.4583,0.9999985106836495,0.9999951171474588,0.9999980835993513,16
momentum,10,gate_up,O1C_dW_cos,144,144,0.0,1.0000000000000848,1.000000000000003,1.0000000000000502,4
momentum,10,gate_up,O1A_optstate_relerr,144,78,0.4583,1.3109502012809149,0.8247719391411101,1.2946133278121208,0
momentum,10,gate_up,O1C_optstate_relerr,144,144,0.0,1.5841596760571377e-15,9.390817101168551e-16,1.178476535766106e-15,14
momentum,10,gate_up,loss_absdiff_O1C,144,144,0.0,6.661338147750939e-16,0.0,4.440892098500626e-16,22
momentum,50,o_down,O1A_A_update_relerr,144,144,0.0,1.2242671146911055e-16,6.660615240644704e-17,1.1466489809565926e-16,21
momentum,50,o_down,O1C_A_update_relerr,144,144,0.0,1.2242671146911055e-16,6.660615240644704e-17,1.1466489809565926e-16,21
momentum,50,o_down,O1A_B_update_relerr,144,144,0.0,2.2537082153625204e-16,1.0328375384807373e-16,2.0978334445517792e-16,21
momentum,50,o_down,O1C_B_update_relerr,144,144,0.0,2.2537082153625204e-16,1.0328375384807373e-16,2.0978334445517792e-16,21
momentum,50,o_down,O1A_dW_cos,144,144,0.0,1.0000000000000706,0.999999999999999,1.000000000000039,3
momentum,50,o_down,O1C_dW_cos,144,144,0.0,1.0000000000000706,0.999999999999999,1.000000000000039,3
momentum,50,o_down,O1A_optstate_relerr,144,144,0.0,4.112669787957168e-15,1.3205453601724316e-15,3.5451375213327244e-15,14
momentum,50,o_down,O1C_optstate_relerr,144,144,0.0,4.112669787957168e-15,1.3205453601724316e-15,3.5451375213327244e-15,14
momentum,50,o_down,loss_absdiff_O1C,144,144,0.0,1.3322676295501878e-15,0.0,8.881784197001252e-16,15
momentum,50,qkv,O1A_A_update_relerr,216,216,0.0,0.6754087318284169,0.06537140157172447,0.23623659975548392,0
momentum,50,qkv,O1C_A_update_relerr,216,216,0.0,6.092692800985571e-16,4.755347423089564e-16,4.982839489998839e-16,0
momentum,50,qkv,O1A_B_update_relerr,216,216,0.0,1.2638569163378988,0.03443783797821175,0.31581845504130346,0
momentum,50,qkv,O1C_B_update_relerr,216,216,0.0,8.574964995000604e-16,4.758561944825949e-16,5.37985970406811e-16,0
momentum,50,qkv,O1A_dW_cos,216,216,0.0,0.9998307584132249,0.9963165205229219,0.9997091908804001,17
momentum,50,qkv,O1C_dW_cos,216,216,0.0,1.00000000000004,1.0,1.000000000000012,22
momentum,50,qkv,O1A_optstate_relerr,216,216,0.0,11.921957211933316,0.9943763179666933,2.1182684412544615,0
momentum,50,qkv,O1C_optstate_relerr,216,216,0.0,1.5073198762977115e-15,8.816889728048258e-16,1.282959907945176e-15,0
momentum,50,qkv,loss_absdiff_O1C,216,216,0.0,1.7763568394002505e-15,0.0,4.440892098500626e-16,0
momentum,50,gate_up,O1A_A_update_relerr,144,78,0.4583,0.03361668598431275,0.01939435147823151,0.0294637108325061,10
momentum,50,gate_up,O1C_A_update_relerr,144,144,0.0,4.954496008340578e-16,4.710686039774069e-16,4.851695774168169e-16,13
momentum,50,gate_up,O1A_B_update_relerr,144,78,0.4583,0.0021782098274401376,0.00035233757971607564,0.0018497869474093844,21
momentum,50,gate_up,O1C_B_update_relerr,144,144,0.0,2.1470129831022307e-17,1.8082252685374428e-17,1.9855676025976805e-17,4
momentum,50,gate_up,O1A_dW_cos,144,78,0.4583,0.9998940779593535,0.9997042034103277,0.9998660728487707,16
momentum,50,gate_up,O1C_dW_cos,144,144,0.0,1.0000000000000862,1.0000000000000049,1.0000000000000577,1
momentum,50,gate_up,O1A_optstate_relerr,144,78,0.4583,0.9773771692118405,0.7448440551798646,0.9515836362012059,10
momentum,50,gate_up,O1C_optstate_relerr,144,144,0.0,1.1436989068494542e-15,8.457888055304647e-16,1.0131957523545924e-15,20
momentum,50,gate_up,loss_absdiff_O1C,144,144,0.0,6.661338147750939e-16,0.0,4.440892098500626e-16,18
adamw,1,o_down,O1A_A_update_relerr,144,144,0.0,1.9521837313376752e-13,7.607895311435126e-16,4.624071772404282e-14,23
adamw,1,o_down,O1C_A_update_relerr,144,144,0.0,1.9521837313376752e-13,7.607895311435126e-16,4.624071772404282e-14,23
adamw,1,o_down,O1A_B_update_relerr,144,144,0.0,1.336563810787323e-12,2.3600667570143487e-16,2.1518945454967118e-14,10
adamw,1,o_down,O1C_B_update_relerr,144,144,0.0,1.336563810787323e-12,2.3600667570143487e-16,2.1518945454967118e-14,10
adamw,1,o_down,O1A_dW_cos,144,144,0.0,1.0000000000000622,0.9999999999999998,1.0000000000000284,20
adamw,1,o_down,O1C_dW_cos,144,144,0.0,1.0000000000000622,0.9999999999999998,1.0000000000000284,20
adamw,1,o_down,O1A_optstate_relerr,144,144,0.0,4.200241326321764e-15,1.8784514789969907e-15,3.5435774669325624e-15,6
adamw,1,o_down,O1C_optstate_relerr,144,144,0.0,4.200241326321764e-15,1.8784514789969907e-15,3.5435774669325624e-15,6
adamw,1,o_down,loss_absdiff_O1C,144,144,0.0,1.3322676295501878e-15,0.0,8.881784197001252e-16,22
adamw,1,qkv,O1A_A_update_relerr,216,216,0.0,0.5040990441022198,0.027831436761659455,0.04145051339908914,0
adamw,1,qkv,O1C_A_update_relerr,216,216,0.0,7.738283375147344e-14,9.480014072755515e-17,7.207191502631467e-15,21
adamw,1,qkv,O1A_B_update_relerr,216,216,0.0,0.031084806588189344,0.027009852728491022,0.03005255606416022,20
adamw,1,qkv,O1C_B_update_relerr,216,216,0.0,6.477800460426744e-14,2.1913202281711104e-17,2.6776096387398635e-15,4
adamw,1,qkv,O1A_dW_cos,216,216,0.0,0.9998607454577662,0.9993056087652694,0.9997806472761654,7
adamw,1,qkv,O1C_dW_cos,216,216,0.0,1.000000000000027,0.9999999999999999,1.000000000000014,21
adamw,1,qkv,O1A_optstate_relerr,216,216,0.0,279.76025421831247,1.1060307144057093,2.889562422108682,0
adamw,1,qkv,O1C_optstate_relerr,216,216,0.0,6.288150048747872e-14,1.1701096451048196e-16,1.2904273410497998e-14,1
adamw,1,qkv,loss_absdiff_O1C,216,216,0.0,2.6645352591003757e-15,0.0,4.440892098500626e-16,0
adamw,1,gate_up,O1A_A_update_relerr,144,144,0.0,0.02996288809924584,0.022505554233957774,0.02787873928273301,23
adamw,1,gate_up,O1C_A_update_relerr,144,144,0.0,7.318800375495737e-14,3.7224697397932195e-16,1.692587283738065e-14,0
adamw,1,gate_up,O1A_B_update_relerr,144,144,0.0,1.4818968612122138e-14,2.884770875905159e-15,8.740799399906942e-15,5
adamw,1,gate_up,O1C_B_update_relerr,144,144,0.0,1.4818968612122138e-14,2.884770875905159e-15,8.740799399906942e-15,5
adamw,1,gate_up,O1A_dW_cos,144,144,0.0,0.9999120356871388,0.9996230545867696,0.9998619885625255,1
adamw,1,gate_up,O1C_dW_cos,144,144,0.0,1.00000000000008,1.0000000000000049,1.000000000000056,0
adamw,1,gate_up,O1A_optstate_relerr,144,144,0.0,3842.2162666257254,1.361773624583536,2246.915155627263,22
adamw,1,gate_up,O1C_optstate_relerr,144,144,0.0,7.961564640773873e-14,4.092520194325795e-16,1.4527107951513257e-14,0
adamw,1,gate_up,loss_absdiff_O1C,144,144,0.0,6.661338147750939e-16,0.0,4.440892098500626e-16,6
adamw,10,o_down,O1A_A_update_relerr,144,144,0.0,2.0384409720615175e-13,1.2544142693671224e-15,6.358514060602562e-14,10
adamw,10,o_down,O1C_A_update_relerr,144,144,0.0,2.0384409720615175e-13,1.2544142693671224e-15,6.358514060602562e-14,10
adamw,10,o_down,O1A_B_update_relerr,144,144,0.0,1.225778671799246e-12,1.3793910330808185e-15,2.5738788083354246e-14,10
adamw,10,o_down,O1C_B_update_relerr,144,144,0.0,1.225778671799246e-12,1.3793910330808185e-15,2.5738788083354246e-14,10
adamw,10,o_down,O1A_dW_cos,144,144,0.0,1.0000000000000573,1.000000000000002,1.000000000000033,14
adamw,10,o_down,O1C_dW_cos,144,144,0.0,1.0000000000000573,1.000000000000002,1.000000000000033,14
adamw,10,o_down,O1A_optstate_relerr,144,144,0.0,6.797085260676144e-13,8.935344821433089e-15,6.304466111327889e-14,10
adamw,10,o_down,O1C_optstate_relerr,144,144,0.0,6.797085260676144e-13,8.935344821433089e-15,6.304466111327889e-14,10
adamw,10,o_down,loss_absdiff_O1C,144,144,0.0,1.687538997430238e-14,0.0,1.3322676295501878e-15,10
adamw,10,qkv,O1A_A_update_relerr,216,216,0.0,0.7756179860396482,0.19550895291331855,0.31044621397246724,0
adamw,10,qkv,O1C_A_update_relerr,216,216,0.0,7.283509106921451e-14,6.77828421167372e-16,8.1220234363101e-15,21
adamw,10,qkv,O1A_B_update_relerr,216,216,0.0,0.3120546230493378,0.148550145711708,0.17990375692509789,0
adamw,10,qkv,O1C_B_update_relerr,216,216,0.0,6.384569726672327e-14,6.868147288660729e-16,5.0376030732613836e-15,4
adamw,10,qkv,O1A_dW_cos,216,216,0.0,0.9930046236338737,0.9710871856351274,0.9872780390865616,7
adamw,10,qkv,O1C_dW_cos,216,216,0.0,1.0000000000000386,1.0,1.0000000000000124,10
adamw,10,qkv,O1A_optstate_relerr,216,216,0.0,146.96462685263793,1.0631793981284194,1.9282553281463293,0
adamw,10,qkv,O1C_optstate_relerr,216,216,0.0,5.893347987258577e-14,6.818541112543786e-16,1.2214988432654527e-14,1
adamw,10,qkv,loss_absdiff_O1C,216,216,0.0,8.881784197001252e-16,0.0,4.440892098500626e-16,0
adamw,10,gate_up,O1A_A_update_relerr,144,144,0.0,0.2883877804510132,0.13965788173952,0.2720414352729519,3
adamw,10,gate_up,O1C_A_update_relerr,144,144,0.0,7.035011287324073e-14,1.1172350218092865e-15,1.6170936321733952e-14,0
adamw,10,gate_up,O1A_B_update_relerr,144,144,0.0,0.39983919444151206,0.09530899631108374,0.39358439112330107,5
adamw,10,gate_up,O1C_B_update_relerr,144,144,0.0,1.5169779086514557e-14,3.098041513403014e-15,1.0387135451090948e-14,3
adamw,10,gate_up,O1A_dW_cos,144,144,0.0,0.9957475044979407,0.9861510713896164,0.9950571617588158,16
adamw,10,gate_up,O1C_dW_cos,144,144,0.0,1.0000000000000715,0.9999999999999993,1.0000000000000453,2
adamw,10,gate_up,O1A_optstate_relerr,144,144,0.0,288898.2086136537,1.246442955212586,110572.36339026612,22
adamw,10,gate_up,O1C_optstate_relerr,144,144,0.0,7.60670133915492e-14,1.136269650206773e-15,1.3925436264565403e-14,0
adamw,10,gate_up,loss_absdiff_O1C,144,144,0.0,6.661338147750939e-16,0.0,4.440892098500626e-16,2
adamw,50,o_down,O1A_A_update_relerr,144,144,0.0,3.8036310508351997e-13,2.459763106322347e-15,6.724448482167772e-14,10
adamw,50,o_down,O1C_A_update_relerr,144,144,0.0,3.8036310508351997e-13,2.459763106322347e-15,6.724448482167772e-14,10
adamw,50,o_down,O1A_B_update_relerr,144,144,0.0,1.4413562193490699e-12,3.969109536759612e-15,4.1174878133677146e-14,10
adamw,50,o_down,O1C_B_update_relerr,144,144,0.0,1.4413562193490699e-12,3.969109536759612e-15,4.1174878133677146e-14,10
adamw,50,o_down,O1A_dW_cos,144,144,0.0,1.0000000000000735,1.0000000000000013,1.0000000000000413,0
adamw,50,o_down,O1C_dW_cos,144,144,0.0,1.0000000000000735,1.0000000000000013,1.0000000000000413,0
adamw,50,o_down,O1A_optstate_relerr,144,144,0.0,5.432699859225929e-12,1.9783739066853934e-13,9.425102189411511e-13,10
adamw,50,o_down,O1C_optstate_relerr,144,144,0.0,5.432699859225929e-12,1.9783739066853934e-13,9.425102189411511e-13,10
adamw,50,o_down,loss_absdiff_O1C,144,144,0.0,2.4924506902834764e-13,7.632783294297951e-17,3.802513859341161e-15,10
adamw,50,qkv,O1A_A_update_relerr,216,216,0.0,0.9197594885269483,0.391830421122064,0.5849398505375746,0
adamw,50,qkv,O1C_A_update_relerr,216,216,0.0,5.3531893360969744e-14,1.3318272285561194e-15,1.1281509077974234e-14,21
adamw,50,qkv,O1A_B_update_relerr,216,216,0.0,0.7338760713259667,0.2507142737322905,0.4831340748599768,0
adamw,50,qkv,O1C_B_update_relerr,216,216,0.0,5.5728857407686935e-14,1.4505265412879507e-15,1.2054160871301261e-14,4
adamw,50,qkv,O1A_dW_cos,216,216,0.0,0.9780699618968505,0.9042721923158941,0.9615341868246983,7
adamw,50,qkv,O1C_dW_cos,216,216,0.0,1.0000000000000306,0.9999999999999999,1.0000000000000144,3
adamw,50,qkv,O1A_optstate_relerr,216,216,0.0,208.999678096072,1.09458319252805,1.9887305884313724,0
adamw,50,qkv,O1C_optstate_relerr,216,216,0.0,5.1042976125172905e-14,1.318987612414903e-15,1.3063630924761125e-14,4
adamw,50,qkv,loss_absdiff_O1C,216,216,0.0,1.0297318553398327e-14,3.469446951953614e-17,3.3306690738754696e-16,14
adamw,50,gate_up,O1A_A_update_relerr,144,144,0.0,0.7062679472574178,0.38090379122100293,0.6982998417032844,5
adamw,50,gate_up,O1C_A_update_relerr,144,144,0.0,6.244500264745508e-14,2.4838839179557263e-15,1.435949192533092e-14,3
adamw,50,gate_up,O1A_B_update_relerr,144,144,0.0,1.0941606884169126,0.32293635296076073,1.077750082576003,8
adamw,50,gate_up,O1C_B_update_relerr,144,144,0.0,5.781245242468012e-14,3.426252446622191e-15,1.2972608649748018e-14,3
adamw,50,gate_up,O1A_dW_cos,144,144,0.0,0.9813990634872272,0.9273340225992128,0.9741219345799341,16
adamw,50,gate_up,O1C_dW_cos,144,144,0.0,1.0000000000000897,1.0000000000000049,1.0000000000000586,6
adamw,50,gate_up,O1A_optstate_relerr,144,144,0.0,402428.9718092537,2.9236463601788945,67187.7971674734,22
adamw,50,gate_up,O1C_optstate_relerr,144,144,0.0,6.211377146504352e-14,2.5258953750581378e-15,1.550018254261872e-14,3
adamw,50,gate_up,loss_absdiff_O1C,144,144,0.0,9.756084828893563e-15,6.938893903907228e-17,7.632783294297951e-16,3
