path,sha256,bytes
results/aaai_private_base/full_lora_matrix/profile_validation/L10_bf16_s1234_1step.json,bbb0f1fe5f961f279aaa0ea6471da0f03c258eb749cbb99ed682b82e8ac52a81,6936
results/aaai_private_base/full_lora_matrix/profile_validation/L10_bf16_s2025_1step.json,c23af53daa9d158052e087fc03e4217c13f9036fea9ad07a38abaf586c7e3f32,2470
results/aaai_private_base/full_lora_matrix/profile_validation/attestation_L10BF16_s1234.json,d64e9cd22b3ecdc3c75dede06484fe723ef5c776ea9f75d9b42842d5ef127f8d,2094
results/aaai_private_base/full_lora_matrix/profile_validation/attestation_L10BF16_s2025.json,8b15d9a2142119e8e76ccfc0bbb3a279f54f904985fcb7d0d4e511d85783a375,2094
results/aaai_private_base/full_lora_matrix/profile_validation/attestation_L10BF16_s7.json,6cc9a8da8c0e33509df78fafb90023c71250d82e10c185d361f9f39564bbda0d,2092
results/aaai_private_base/full_lora_matrix/profile_validation/binding_L10BF16_s1234.json,ff0c03e80a37fee01dba0dff2393f691b6969d9a26e44988d4088baa63a1055c,1872
results/aaai_private_base/full_lora_matrix/profile_validation/binding_L10BF16_s2025.json,aa4241be6a93dbe645ce446bab3f918df58ce896b4023d7b784eb9f519ac8d65,1872
results/aaai_private_base/full_lora_matrix/profile_validation/binding_L10BF16_s7.json,3cd1d0d95ef04be1b7d94832f7f8912851a3cbb4a3745cb4c2bc071fd61c01ad,1866
scripts/code_provenance_closure.py,d0dc6ca3d4118f6e6855755fcfdbbe992c8cc13d0b60989fb857ee0adeb2628c,5971
